epoch,time,train/box_loss,train/cls_loss,train/dfl_loss,metrics/precision(B),metrics/recall(B),metrics/mAP50(B),metrics/mAP50-95(B),val/box_loss,val/cls_loss,val/dfl_loss,lr/pg0,lr/pg1,lr/pg2
1,2.042,2.33653,3.69867,1.13961,0.00339,0.08046,0.00029,0.00016,1.76478,3.67077,1.03973,0.000555556,0.000555556,0.000555556
2,2.67923,2.3052,2.73288,1.04024,0.00742,0.65517,0.15721,0.0458,2.70308,2.96333,1.26793,0.00121012,0.00121012,0.00121012
3,3.43195,1.86444,1.11894,0.98012,1,0.19837,0.67006,0.30351,2.10769,2.20583,1.07838,0.00185149,0.00185149,0.00185149
4,4.14008,1.63216,0.94899,0.94025,0.79421,0.6092,0.66423,0.28926,2.07381,1.45522,1.08119,0.0019406,0.0019406,0.0019406
5,4.85797,1.55674,0.89041,0.90834,0.42401,0.26437,0.35628,0.14029,2.12685,2.10324,1.0804,0.0019208,0.0019208,0.0019208
6,5.55492,1.35537,0.81089,0.8923,0.68608,0.65517,0.62654,0.23391,2.38687,1.24853,1.11351,0.001901,0.001901,0.001901
7,6.29145,1.32473,0.74646,0.8856,0.79443,0.57749,0.6711,0.30612,2.0776,1.19944,1.07653,0.0018812,0.0018812,0.0018812
8,7.0683,1.29663,0.72561,0.8769,0.84412,0.6847,0.75116,0.38908,1.87756,1.14868,1.01017,0.0018614,0.0018614,0.0018614
9,7.80334,1.28705,0.71179,0.89683,0.82604,0.65495,0.75527,0.35659,1.92395,1.15793,0.98774,0.0018416,0.0018416,0.0018416
10,8.52315,1.32347,0.69787,0.90178,0.60065,0.64368,0.55801,0.26404,1.7336,1.42981,0.98854,0.0018218,0.0018218,0.0018218
11,9.26265,1.26871,0.68114,0.89108,0.53387,0.67142,0.59352,0.30443,1.6407,1.29729,0.94013,0.001802,0.001802,0.001802
12,9.95134,1.26751,0.68805,0.87985,0.5624,0.72383,0.53436,0.29057,1.55164,0.99283,0.9341,0.0017822,0.0017822,0.0017822
13,10.6411,1.20837,0.65363,0.85573,0.93088,0.7931,0.86154,0.45064,1.56826,0.85069,0.94116,0.0017624,0.0017624,0.0017624
14,11.3586,1.3016,0.66358,0.8676,0.91988,0.79185,0.85057,0.42997,1.6948,0.92173,0.9439,0.0017426,0.0017426,0.0017426
15,12.0528,1.24643,0.63967,0.86959,0.94115,0.82759,0.89244,0.48062,1.71331,0.80632,0.9395,0.0017228,0.0017228,0.0017228
16,12.782,1.2168,0.63427,0.86081,0.94517,0.87356,0.90992,0.48982,1.48889,0.6901,0.91897,0.001703,0.001703,0.001703
17,13.4836,1.15302,0.62594,0.85803,0.94932,0.86126,0.90883,0.47301,1.47051,0.74067,0.91151,0.0016832,0.0016832,0.0016832
18,14.228,1.15802,0.6376,0.85891,0.9187,0.77937,0.84941,0.47213,1.52805,0.82926,0.92475,0.0016634,0.0016634,0.0016634
19,14.9864,1.18162,0.62822,0.84351,0.93368,0.7931,0.85334,0.4262,1.66687,1.163,0.93214,0.0016436,0.0016436,0.0016436
20,15.71,1.24095,0.65918,0.86853,0.94567,0.75862,0.86349,0.48006,1.52373,0.9851,0.91252,0.0016238,0.0016238,0.0016238
21,16.4213,1.15748,0.6223,0.86169,0.92536,0.855,0.91305,0.5118,1.41803,0.77668,0.9117,0.001604,0.001604,0.001604
22,17.1521,1.18406,0.60154,0.86561,0.91092,0.82759,0.87841,0.50151,1.45071,0.77375,0.91435,0.0015842,0.0015842,0.0015842
23,17.8541,1.16809,0.58573,0.87596,0.94487,0.788,0.87776,0.49034,1.42394,0.66557,0.90818,0.0015644,0.0015644,0.0015644
24,18.5832,1.13038,0.57232,0.86511,0.92269,0.82312,0.90855,0.4785,1.56966,0.70239,0.92105,0.0015446,0.0015446,0.0015446
25,19.2761,1.13406,0.57114,0.84075,0.98583,0.79957,0.89062,0.52702,1.51963,0.65801,0.91304,0.0015248,0.0015248,0.0015248
26,20.0001,1.12748,0.5508,0.85241,0.91611,0.85057,0.89899,0.52401,1.38629,0.64392,0.89998,0.001505,0.001505,0.001505
27,20.7009,1.15856,0.55911,0.83782,0.9372,0.85769,0.90472,0.52459,1.38629,0.64251,0.90867,0.0014852,0.0014852,0.0014852
28,21.4264,1.08401,0.53924,0.84203,0.9407,0.85057,0.89267,0.51521,1.45336,0.69494,0.91702,0.0014654,0.0014654,0.0014654
29,22.1317,1.05564,0.54188,0.84155,0.94565,0.83908,0.89896,0.55079,1.34968,0.59164,0.90183,0.0014456,0.0014456,0.0014456
30,22.8682,1.06732,0.53982,0.84466,0.90253,0.85144,0.91996,0.52619,1.4339,0.63798,0.89745,0.0014258,0.0014258,0.0014258
31,23.5776,1.08194,0.56237,0.85119,0.91093,0.83908,0.88132,0.52544,1.38053,0.62232,0.89962,0.001406,0.001406,0.001406
32,24.3081,1.07113,0.53472,0.85472,0.86903,0.83908,0.87656,0.53195,1.33376,0.6579,0.89049,0.0013862,0.0013862,0.0013862
33,25.0607,1.08379,0.53643,0.83081,0.84488,0.85057,0.88771,0.49597,1.36667,0.63129,0.8878,0.0013664,0.0013664,0.0013664
34,25.7793,1.10034,0.55692,0.83202,0.87569,0.89073,0.89804,0.5253,1.37923,0.60565,0.90131,0.0013466,0.0013466,0.0013466
35,26.5203,1.08323,0.54145,0.84732,0.8873,0.85057,0.8828,0.54562,1.33828,0.60639,0.89646,0.0013268,0.0013268,0.0013268
36,27.2227,1.04255,0.51464,0.84574,0.92276,0.82399,0.89768,0.51307,1.28069,0.60149,0.88909,0.001307,0.001307,0.001307
37,27.9334,1.07636,0.54418,0.8281,0.98267,0.8046,0.91535,0.57593,1.25751,0.6242,0.89073,0.0012872,0.0012872,0.0012872
38,28.6987,1.10408,0.57459,0.8301,0.89871,0.81592,0.87743,0.50783,1.37597,0.60865,0.89833,0.0012674,0.0012674,0.0012674
39,29.4239,1.0626,0.53929,0.81988,0.90497,0.87571,0.90454,0.52516,1.41626,0.62283,0.90021,0.0012476,0.0012476,0.0012476
40,30.1346,1.0433,0.53303,0.8312,0.84326,0.83908,0.86816,0.55318,1.3259,0.64267,0.88904,0.0012278,0.0012278,0.0012278
41,30.8512,1.03666,0.51795,0.83407,0.89976,0.89655,0.92458,0.56814,1.30092,0.61003,0.87734,0.001208,0.001208,0.001208
42,31.556,1.09296,0.5255,0.816,0.89226,0.86207,0.90247,0.54831,1.418,0.60148,0.8954,0.0011882,0.0011882,0.0011882
43,32.3042,1.02741,0.51955,0.83512,0.93463,0.82177,0.88436,0.54393,1.32731,0.6269,0.89073,0.0011684,0.0011684,0.0011684
44,33.0741,1.04834,0.51861,0.8397,0.90774,0.87356,0.90496,0.57845,1.28936,0.61193,0.89204,0.0011486,0.0011486,0.0011486
45,33.7988,1.01976,0.50576,0.83126,0.8634,0.91954,0.93285,0.58364,1.28133,0.59949,0.89054,0.0011288,0.0011288,0.0011288
46,34.506,1.01486,0.49013,0.8392,0.90207,0.95402,0.95817,0.57006,1.29357,0.58567,0.89882,0.001109,0.001109,0.001109
47,35.1885,1.02901,0.5067,0.84503,0.93792,0.8683,0.93044,0.57128,1.27417,0.60917,0.88688,0.0010892,0.0010892,0.0010892
48,35.8906,0.98689,0.49919,0.83122,0.95995,0.82662,0.92445,0.55737,1.28099,0.57349,0.89437,0.0010694,0.0010694,0.0010694
49,36.5884,1.00039,0.48856,0.83551,0.94763,0.77011,0.87037,0.55155,1.30471,0.63092,0.89408,0.0010496,0.0010496,0.0010496
50,37.2743,0.96851,0.46809,0.82721,0.93344,0.80599,0.93497,0.54624,1.27455,0.64281,0.88707,0.0010298,0.0010298,0.0010298
51,37.9609,0.98241,0.48275,0.8376,0.95927,0.81213,0.92648,0.5374,1.28486,0.60152,0.88483,0.00101,0.00101,0.00101
52,38.6665,0.96792,0.4812,0.84121,0.90462,0.85057,0.89463,0.51464,1.35696,0.64084,0.89132,0.0009902,0.0009902,0.0009902
53,39.3611,1.06691,0.50027,0.82031,0.88899,0.92052,0.93349,0.58,1.26297,0.5733,0.87754,0.0009704,0.0009704,0.0009704
54,40.0219,1.00846,0.48056,0.81432,0.88117,0.85233,0.90627,0.53542,1.32575,0.62317,0.89215,0.0009506,0.0009506,0.0009506
55,40.7104,0.99384,0.49126,0.80031,0.91798,0.90052,0.91638,0.57076,1.29375,0.57903,0.89476,0.0009308,0.0009308,0.0009308
56,41.4077,0.99726,0.46961,0.8244,0.88703,0.89655,0.91588,0.59202,1.29942,0.58638,0.88841,0.000911,0.000911,0.000911
57,42.129,0.97149,0.46953,0.8338,0.95275,0.85057,0.91597,0.55804,1.3239,0.55753,0.89415,0.0008912,0.0008912,0.0008912
58,42.841,0.96805,0.47795,0.8245,0.93319,0.88506,0.92997,0.57295,1.31397,0.57484,0.89258,0.0008714,0.0008714,0.0008714
59,43.5712,0.96888,0.46077,0.84089,0.8674,0.90232,0.92404,0.59229,1.25831,0.58643,0.8867,0.0008516,0.0008516,0.0008516
60,44.5402,0.97639,0.47075,0.8267,0.95614,0.78161,0.89472,0.58676,1.24578,0.60634,0.87954,0.0008318,0.0008318,0.0008318
61,45.2716,0.96933,0.48126,0.81711,0.97017,0.78161,0.91325,0.5942,1.18874,0.58075,0.87337,0.000812,0.000812,0.000812
62,45.9975,0.93181,0.47562,0.81278,0.94673,0.78161,0.9173,0.58171,1.25149,0.59493,0.87753,0.0007922,0.0007922,0.0007922
63,46.7223,0.95745,0.46872,0.82187,0.95086,0.7931,0.92005,0.56345,1.30341,0.6262,0.88338,0.0007724,0.0007724,0.0007724
64,47.5196,0.95236,0.47063,0.82446,0.94152,0.83908,0.93849,0.57613,1.29315,0.59649,0.88659,0.0007526,0.0007526,0.0007526
65,48.2602,0.95449,0.47964,0.81177,0.91376,0.85253,0.94726,0.58652,1.23885,0.63052,0.87656,0.0007328,0.0007328,0.0007328
66,48.9495,0.91565,0.46542,0.8263,0.92559,0.8579,0.92742,0.57924,1.2149,0.5918,0.8793,0.000713,0.000713,0.000713
67,49.6684,0.92057,0.44767,0.80908,0.97401,0.86146,0.93766,0.59561,1.20469,0.58689,0.8823,0.0006932,0.0006932,0.0006932
68,50.3752,0.95218,0.45367,0.82261,0.94969,0.86789,0.94003,0.588,1.20436,0.58941,0.88296,0.0006734,0.0006734,0.0006734
69,51.1058,0.95123,0.43518,0.83075,0.9155,0.87174,0.93334,0.5847,1.20444,0.61368,0.87915,0.0006536,0.0006536,0.0006536
70,51.8053,0.89717,0.45464,0.8311,0.91696,0.90805,0.9458,0.60125,1.18375,0.60384,0.87589,0.0006338,0.0006338,0.0006338
71,52.5506,0.94511,0.47055,0.82004,0.92659,0.89655,0.93891,0.5872,1.25733,0.57401,0.87453,0.000614,0.000614,0.000614
72,53.2694,0.97994,0.47229,0.82383,0.90365,0.94253,0.95152,0.59204,1.17027,0.59871,0.8726,0.0005942,0.0005942,0.0005942
73,54.0199,0.92776,0.44603,0.82752,0.9864,0.83366,0.94051,0.5942,1.18264,0.57034,0.88152,0.0005744,0.0005744,0.0005744
74,54.7528,0.97278,0.45846,0.81802,0.96941,0.82759,0.93571,0.598,1.21542,0.59181,0.88185,0.0005546,0.0005546,0.0005546
75,55.4858,0.88862,0.44825,0.81467,0.95951,0.8046,0.92909,0.58934,1.21685,0.58987,0.87717,0.0005348,0.0005348,0.0005348
76,56.2191,0.89616,0.44057,0.82099,0.92853,0.88506,0.94068,0.59686,1.15845,0.56261,0.87639,0.000515,0.000515,0.000515
77,56.9498,0.89973,0.43905,0.81968,0.9616,0.86356,0.95126,0.59189,1.20795,0.60991,0.88298,0.0004952,0.0004952,0.0004952
78,57.6831,0.92706,0.43666,0.81834,0.89929,0.87356,0.93537,0.59483,1.20591,0.56593,0.88625,0.0004754,0.0004754,0.0004754
79,58.4044,0.88138,0.43667,0.80371,0.84793,0.8973,0.92926,0.61447,1.16218,0.57105,0.88342,0.0004556,0.0004556,0.0004556
80,59.1181,0.91612,0.43381,0.79783,0.90992,0.92889,0.94995,0.60972,1.19346,0.56177,0.88083,0.0004358,0.0004358,0.0004358
81,59.7977,0.9027,0.4212,0.81087,0.93167,0.93103,0.9543,0.58883,1.17015,0.55642,0.8773,0.000416,0.000416,0.000416
82,60.5061,0.87821,0.4294,0.80304,0.91394,0.91954,0.93408,0.58532,1.15227,0.55258,0.87753,0.0003962,0.0003962,0.0003962
83,61.2304,0.86097,0.43026,0.79749,0.92641,0.86826,0.9348,0.57904,1.18242,0.59141,0.88353,0.0003764,0.0003764,0.0003764
84,61.9444,0.89014,0.42119,0.81967,0.95975,0.8222,0.92495,0.59627,1.18228,0.56752,0.88273,0.0003566,0.0003566,0.0003566
85,62.6465,0.87555,0.415,0.81853,0.91414,0.85665,0.9332,0.61157,1.17144,0.57894,0.87906,0.0003368,0.0003368,0.0003368
86,63.3738,0.91214,0.42895,0.80176,0.927,0.87584,0.93797,0.59171,1.18443,0.59888,0.87534,0.000317,0.000317,0.000317
87,64.1513,0.92337,0.43403,0.81123,0.89829,0.89655,0.93598,0.59462,1.17763,0.58194,0.88049,0.0002972,0.0002972,0.0002972
88,64.9264,0.8681,0.41648,0.805,0.88004,0.92754,0.93633,0.59318,1.17173,0.58264,0.88256,0.0002774,0.0002774,0.0002774
89,65.6573,0.85315,0.40958,0.81411,0.87102,0.94253,0.95579,0.60932,1.14827,0.55782,0.8788,0.0002576,0.0002576,0.0002576
90,66.3695,0.85801,0.41094,0.81991,0.84269,0.94253,0.94089,0.62791,1.10601,0.552,0.87543,0.0002378,0.0002378,0.0002378
91,70.2737,0.85685,0.40688,0.81662,0.90017,0.93278,0.95808,0.63293,1.09296,0.53587,0.87044,0.000218,0.000218,0.000218
92,70.9756,0.86388,0.41317,0.82314,0.90479,0.93103,0.93822,0.62186,1.08385,0.54802,0.87075,0.0001982,0.0001982,0.0001982
93,71.6589,0.87357,0.41302,0.80897,0.90064,0.93774,0.94788,0.61096,1.10014,0.53809,0.87206,0.0001784,0.0001784,0.0001784
94,72.395,0.8424,0.39286,0.81397,0.92743,0.88133,0.94661,0.60662,1.1099,0.53076,0.87307,0.0001586,0.0001586,0.0001586
95,73.1858,0.8395,0.38383,0.80132,0.91825,0.90381,0.94605,0.62072,1.1067,0.5388,0.87424,0.0001388,0.0001388,0.0001388
96,73.924,0.83518,0.39134,0.80793,0.90902,0.90805,0.94686,0.61816,1.09843,0.54748,0.87496,0.000119,0.000119,0.000119
97,74.6959,0.83921,0.39659,0.78612,0.93823,0.87297,0.94768,0.61024,1.10195,0.55221,0.87254,9.92e-05,9.92e-05,9.92e-05
98,75.409,0.85635,0.39833,0.80766,0.92296,0.90805,0.9494,0.61521,1.11858,0.55843,0.87197,7.94e-05,7.94e-05,7.94e-05
99,76.1098,0.83476,0.38953,0.80914,0.9397,0.89555,0.9491,0.6179,1.11142,0.55583,0.87109,5.96e-05,5.96e-05,5.96e-05
100,76.8538,0.90148,0.39716,0.81568,0.88808,0.94253,0.94893,0.62163,1.09657,0.54529,0.8709,3.98e-05,3.98e-05,3.98e-05
